{"assets/fonts/Poppins/Poppins-ExtraBold.ttf":["assets/fonts/Poppins/Poppins-ExtraBold.ttf"],"assets/fonts/Poppins/Poppins-Regular.ttf":["assets/fonts/Poppins/Poppins-Regular.ttf"],"assets/images/Blue-logo.png":["assets/images/Blue-logo.png"],"assets/images/Client-Resources_520x520a.png":["assets/images/Client-Resources_520x520a.png"],"assets/images/Digital-Signing-Resources_136x135c.png":["assets/images/Digital-Signing-Resources_136x135c.png"],"assets/images/FAQ-Icon_520x520a.png":["assets/images/FAQ-Icon_520x520a.png"],"assets/images/FuseSign-Bot.png":["assets/images/FuseSign-Bot.png"],"assets/images/FuseSign-Features_136x135c.png":["assets/images/FuseSign-Features_136x135c.png"],"assets/images/Help-Articles_520x520a.png":["assets/images/Help-Articles_520x520a.png"],"assets/images/McCULLOCH_RGB-Trimmed.png":["assets/images/McCULLOCH_RGB-Trimmed.png"],"assets/images/Old-Dart-Business-Solutions-Logo.png":["assets/images/Old-Dart-Business-Solutions-Logo.png"],"assets/images/Partners-and-Integrations_136x135c.png":["assets/images/Partners-and-Integrations_136x135c.png"],"assets/images/Plans-and-Pricing_136x135c.png":["assets/images/Plans-and-Pricing_136x135c.png"],"assets/images/Prosperity.png":["assets/images/Prosperity.png"],"assets/images/Vector.png":["assets/images/Vector.png"],"assets/images/Webinars-Events_520x520a.png":["assets/images/Webinars-Events_520x520a.png"],"assets/images/WhitePaper Content - Copy.webp":["assets/images/WhitePaper Content - Copy.webp"],"assets/images/atomate copy.png":["assets/images/atomate copy.png"],"assets/images/atomate.png":["assets/images/atomate.png"],"assets/images/botttomimag.png":["assets/images/botttomimag.png"],"assets/images/client-experience.png":["assets/images/client-experience.png"],"assets/images/ebookimage.png":["assets/images/ebookimage.png"],"assets/images/facebookimage.webp":["assets/images/facebookimage.webp"],"assets/images/fusedoce.png":["assets/images/fusedoce.png"],"assets/images/imageaps.png":["assets/images/imageaps.png"],"assets/images/laptopcheck.png":["assets/images/laptopcheck.png"],"assets/images/logofusesign.png":["assets/images/logofusesign.png"],"assets/images/logoimage.png":["assets/images/logoimage.png"],"assets/images/logoveri5now.png":["assets/images/logoveri5now.png"],"assets/images/mgi-logo2.png":["assets/images/mgi-logo2.png"],"assets/images/robocomesoon.png":["assets/images/robocomesoon.png"],"assets/images/shapefooter.png":["assets/images/shapefooter.png"],"assets/images/shapefooter1.png":["assets/images/shapefooter1.png"],"assets/images/verifynowlogo.png":["assets/images/verifynowlogo.png"],"packages/cupertino_icons/assets/CupertinoIcons.ttf":["packages/cupertino_icons/assets/CupertinoIcons.ttf"],"packages/fluttertoast/assets/toastify.css":["packages/fluttertoast/assets/toastify.css"],"packages/fluttertoast/assets/toastify.js":["packages/fluttertoast/assets/toastify.js"],"packages/nb_utils/assets/icons/ic_beautify.png":["packages/nb_utils/assets/icons/ic_beautify.png"],"packages/nb_utils/assets/lottie/typing.json":["packages/nb_utils/assets/lottie/typing.json"],"packages/nb_utils/fonts/LineAwesome.ttf":["packages/nb_utils/fonts/LineAwesome.ttf"]}